protected,subzone,mean_elev_cv,mean_loreys_height,mean_percentage_first_returns_above_2m,mean_total_biomass,sd_elev_cv,sd_loreys_height,sd_percentage_first_returns_above_2m,sd_total_biomass,count
protected,BAFA_un,0.39444998911240176,13.654833339477902,46.7960915562603,70.40247871894833,0.10368791340699444,5.685622769524475,27.08496055700541,66.62023644607419,298505
unprotected,BAFA_un,0.39302848629472864,12.705539309012305,47.4231781373923,62.52013956575318,0.10728109310816321,5.124746989582123,27.431465437519584,57.491752975597585,298354
protected,BAFA_unp,0.3683923245906327,17.75047946345289,48.3194108640658,97.36736885900827,0.09852750966998902,6.063740639519925,28.1203620055653,82.89188510596242,30044
unprotected,BAFA_unp,0.38291746021179324,17.15029862822124,58.88800359592483,110.91121429047274,0.11420060882427058,7.1854738070965904,26.7123160006975,90.98013488658981,30034
protected,BG_xh,0.3658320743753634,19.78382568274255,59.84018012783251,154.25869262057074,0.11144188304321558,8.586341469047468,29.07589156828714,131.6097849033323,1721
unprotected,BG_xh,0.3597850087158634,14.100338756536877,48.70778617083092,83.45807669959333,0.12045552217163957,6.956036694069911,25.795810474982673,88.69174956363882,1721
protected,BG_xw,0.3839112311314275,23.762178091676898,62.26749203711554,189.4645893920471,0.08997983622935107,6.317397798234043,30.279986071548763,125.9564182235452,7221
unprotected,BG_xw,0.37882467802243835,23.356751142501157,61.09649217559942,187.860419609467,0.10073503548562614,7.5037078115069935,30.14533014428385,130.54879086619093,7221
protected,BWBS_dk,0.37588116674093996,15.458530175691894,65.27214795050394,106.82888903345297,0.11568457966558908,4.121971754850794,24.060617152100573,62.8478426757368,7161867
unprotected,BWBS_dk,0.3797103514047231,15.693840612608474,65.01883206334315,109.79353046735568,0.12128390193864255,4.389574790979702,24.095001508639537,65.92257330541426,7161685
protected,BWBS_mk,0.3688777126682802,16.08908325478051,70.48644123307723,125.6265086910523,0.11919000447119593,5.124539138674736,23.535049311174873,78.50887996902046,3639314
unprotected,BWBS_mk,0.39425198497326064,15.351142599863545,63.36343803982406,111.43854946382966,0.12197418986522507,5.480456177128491,27.180515130415493,83.61877619668601,3639344
protected,BWBS_mw,0.3756636436383672,18.177851913738408,74.10931130171006,142.0567007810446,0.1274106121633577,6.2208129915411465,22.83410168059737,86.64794938054456,213693
unprotected,BWBS_mw,0.36207684314484906,16.6698919318742,75.34812205406323,130.1971211787477,0.12206302447863117,5.782987415057837,23.572126783726148,82.37350514682866,213643
protected,BWBS_wk,0.39841491832238113,20.325492391192412,67.81132692651798,146.5700957052119,0.11120190480636725,6.472991361630451,23.994349732398035,88.02163687797109,277310
unprotected,BWBS_wk,0.387257631081373,19.32275904544969,66.64167555453558,139.80335320183173,0.11705244642735205,6.8781562409926,24.986487437515862,96.65763629711762,277156
protected,CDF_mm,0.30838445360738004,27.348722815047893,89.3770130744731,306.64350099452366,0.1380947147692711,7.324423891755108,15.875633036892594,157.75425969220726,96524
unprotected,CDF_mm,0.32930413161488903,26.5800902987833,83.69061321536627,287.1291549251467,0.1542255371902651,7.615259352040391,21.001583989857153,167.38799067534742,96524
protected,CMA_un,0.39893877551019863,13.153549498121258,47.541918557634745,70.06870795870991,0.10392944850525826,4.744170839986628,24.028699960561692,56.18229522755841,21021
unprotected,CMA_un,0.40478357676387616,12.583450544745574,48.80470716970529,64.45721823112737,0.10890633762308914,4.068866360718007,24.42321484362316,48.3147013846234,21019
protected,CMA_unp,0.37758052638612155,20.327790385248655,63.56887282084559,154.06263769281918,0.12128953873291558,7.704293480615207,28.100013670455414,120.18212848563418,352251
unprotected,CMA_unp,0.38387680621611003,20.469450656243946,64.97770405750218,157.42290139225102,0.13285793130197812,7.731258666765974,27.381848183917352,119.53885717193636,350318
protected,CMA_wh,0.3739752883031307,16.406674629324563,56.3155601317957,116.14058484349269,0.09629082793192842,6.765967099278798,28.11705568546807,92.37524235816328,1214
unprotected,CMA_wh,0.37901235584843573,15.30883360790773,48.47096375617791,97.5516309719934,0.09299913044945494,5.83373483716579,26.92420363009696,77.33738500033313,1214
protected,CWH_dm,0.2898053308700075,30.286988657171797,91.1933200614211,339.1799772757681,0.12396630374855946,6.807771439204654,13.409314973283804,163.75225625067196,310681
unprotected,CWH_dm,0.29680487961897434,28.443141331913747,89.06808236770172,321.516059579125,0.13161923709036025,7.131261190712814,16.199330786471858,160.5596665516126,310680
protected,CWH_ds,0.3248659413212275,22.58217999661857,82.87955150644217,225.30617092697142,0.11472431748266072,8.406787148462355,21.433362201823037,150.10207299096163,537399
unprotected,CWH_ds,0.30453976754502565,25.603615064170697,86.88989894309334,279.3692356046222,0.13073592361886746,8.056918662830853,18.324560832028,160.90329305730603,537222
protected,CWH_mm,0.3145276401861221,25.778695076040986,88.1617230226331,276.3710643415429,0.10544026033761683,7.626101932275294,14.929108000123087,143.5632023710844,425775
unprotected,CWH_mm,0.27499479772196017,25.215295115911534,93.23326146441632,291.6174561681523,0.11467325038926217,7.126965519557386,13.119355662879235,147.2537534889677,425775
protected,CWH_ms,0.33022701678122884,24.526080637615422,86.18380991748613,251.70542155347252,0.13159510005159636,7.49592385901016,16.863031323289604,138.71061818552278,950661
unprotected,CWH_ms,0.3167389383239301,24.369893042185215,87.91017166720731,256.4084852001079,0.14217004211816597,7.77119436337809,15.822888862518306,145.04201122201277,947822
protected,CWH_vh,0.3561320640863855,21.509350065793623,79.88383260605602,201.13799845835172,0.12610060973283724,7.578327398576564,19.361869959900282,128.11247901480775,7633347
unprotected,CWH_vh,0.3475532657458444,21.629293157115235,80.73505341704713,206.93444450567236,0.1303459734164993,7.5207339447405985,19.408884808789793,132.10266931719582,7633386
protected,CWH_vm,0.3230948841404603,21.06077549877674,87.45422849426214,204.33849981416716,0.12095798400203117,8.553178694003124,16.663244577086413,141.6185089798,6071120
unprotected,CWH_vm,0.30964456991144007,22.96749135484801,88.97224387667681,239.72491581627423,0.1283182553905727,8.564221247930607,15.617613930720825,157.3968317429335,6069911
protected,CWH_wh,0.3618270500124057,21.087590235121326,82.53117838813093,200.67995898501374,0.12389594246738478,8.049068524829728,17.94752864787239,136.53228820596397,1361249
unprotected,CWH_wh,0.3405551587732704,21.325926915800917,83.77057359344383,211.4716096154631,0.13417519137305042,8.062944971984521,17.507005410036648,144.77665032914646,1361225
protected,CWH_wm,0.32029458179767173,17.162345497377967,86.29927252881546,152.76543591856245,0.11775193004255109,6.163306965589272,16.864518841040994,103.96361350836817,379314
unprotected,CWH_wm,0.31761237961908373,17.511025448351145,87.2563188836916,158.1140181168629,0.1155529667872906,6.382751671836087,16.367560989765643,108.76753912504454,379317
protected,CWH_ws,0.31507724197530057,17.20758854626756,88.26547862544739,152.6299933544356,0.0967413378736201,6.659339080616407,15.680847135175494,113.4649833132392,838223
unprotected,CWH_ws,0.2962938145379603,18.448143027435354,90.2596359947308,175.80337106164941,0.11181877446532991,7.4526227476821285,13.589231937042289,134.5370337723352,838175
protected,CWH_xm,0.30459101667106653,28.177163178701424,88.77097655692711,326.1426515677491,0.11565697990111043,6.419168681801227,14.806995508273852,148.04631865008486,289425
unprotected,CWH_xm,0.2933329336890038,26.909433595679364,88.96506039582476,309.75645727376883,0.12932277901302072,7.108025379905851,17.414419164030114,158.25508292759918,289424
protected,ESSF_dc,0.3506628288158136,21.482746736499827,72.7304294157438,175.99480584690556,0.1179991809176733,6.059668403336775,24.918658208764892,109.75100139579406,374602
unprotected,ESSF_dc,0.3537522397148835,21.015073125816933,72.00937177513535,167.02620082368682,0.11981664081731232,5.868236050176531,23.91753168315515,102.17831431341011,371141
protected,ESSF_dcp,0.35201418029228393,18.668460425408224,46.79508030675816,101.06626392707106,0.08829750772954524,4.8211690121928115,30.784507862891157,87.34408341663523,6911
unprotected,ESSF_dcp,0.3566118278011269,18.767104797796314,54.22698651978703,113.36319466589151,0.09370770368955801,5.10619053529382,30.450194996163813,86.07088471801778,6899
protected,ESSF_dcw,0.3452574524366045,19.17989770702222,62.037463691666694,128.9866302523346,0.0995844744473469,4.989866418563111,28.735777176877015,89.56669538765425,157264
unprotected,ESSF_dcw,0.34502102444043153,20.253043728269382,63.795641038723446,146.87514847524295,0.10380962901646447,5.638054580815859,28.583074676715864,103.89421590391741,157198
protected,ESSF_dk,0.3687506540435579,21.13496346318215,71.57693674594265,163.63906526229283,0.11893907858207857,5.771737782462151,26.386555174750697,95.57397663235982,916225
unprotected,ESSF_dk,0.36786837887641366,21.859925151231238,74.34869251000184,182.9976861261491,0.1207316909067165,6.630663261678443,23.97867869542439,114.29963682510405,911571
protected,ESSF_dkp,0.3513065448918942,19.654459133861508,57.68140526655526,129.21893842666606,0.09262751303756678,5.4115860384084735,30.63783033056076,96.57143242732154,66571
unprotected,ESSF_dkp,0.3500825271885997,19.96047106892148,59.464962747100984,137.56248633060744,0.09580994727814399,5.7151540263912874,31.1082387229527,105.40110822206563,66572
protected,ESSF_dkw,0.3588861538383558,20.71650592656688,65.74363499520203,151.0856693782631,0.1130529102990442,5.644515954818732,29.769535004963014,99.10307422271042,370702
unprotected,ESSF_dkw,0.3556787640105793,20.80292794191941,65.83162990436648,155.6302584461355,0.1109767958656737,5.895724188338015,29.643142104123672,107.1539700030364,370715
protected,ESSF_dv,0.3507618313273962,21.736454960688786,68.3385470161429,168.8788128970436,0.11171310204013814,5.7502510332493175,26.50158402232721,101.13950469361812,239280
unprotected,ESSF_dv,0.35179443498258084,22.10183633409128,69.39629049183243,176.90536823247356,0.11833235040021181,6.0143643521653996,26.93430312255811,104.77878193079857,238382
protected,ESSF_dvp,0.3641318432781318,20.11593800306013,53.63833366593513,130.0487580655857,0.1034418849829605,6.181876600216739,31.286622526554424,106.08923704033552,15033
unprotected,ESSF_dvp,0.3673078557673285,20.27612437744848,54.52395378179148,133.64189122783526,0.10278954897611511,6.36652927627268,31.12134662561572,108.55745980690399,15059
protected,ESSF_dvw,0.35342967139800896,21.17297004342356,64.27566180568974,158.6611700045298,0.10621492538186189,6.231468567637909,28.702734777433374,108.27711424451641,77145
unprotected,ESSF_dvw,0.35990814152855677,21.55523239985236,64.67305164440988,164.6505559307846,0.1126282012866043,6.5119387700073466,28.974908225627967,112.00846429295866,76988
protected,ESSF_mc,0.37695382954585727,16.539824640675608,52.598915192888605,92.51434451936429,0.10261686139767444,5.930316522404653,25.02599263208618,73.43102432428667,2554989
unprotected,ESSF_mc,0.38796183597165146,15.641248092036845,63.567942882773046,100.74829588716487,0.1135834173022711,5.690398433867513,23.00335792750957,69.33062406296447,2552718
protected,ESSF_mcp,0.38133095137604633,14.547084966199623,49.96907358457867,77.21189817430798,0.10201319359494714,5.914827807891976,25.640375506126674,68.14916752273948,251194
unprotected,ESSF_mcp,0.40033557859169794,13.16757100033734,51.102901280294304,71.12964561540369,0.11376377828384311,4.987558295728152,25.97261948285729,57.94330735740792,251196
protected,ESSF_mh,0.3689353400486403,22.35915199569229,74.5744769527082,190.53463854372944,0.12128892878829482,6.279482550293117,24.620253533966313,121.2153453872925,169564
unprotected,ESSF_mh,0.3558371525472888,22.583130888065657,79.14920517289129,202.2719985526349,0.11718767491217758,6.187149383158674,19.64206340559522,113.80637510320929,167181
protected,ESSF_mk,0.3746623774401389,16.4963604340745,72.17178541251268,121.09994181990173,0.10563066685705068,5.882101611693008,20.496024748102048,82.71002697010016,675491
unprotected,ESSF_mk,0.38525826188438966,16.7590811706124,70.05630475561593,120.43408939061557,0.11307541964526631,5.965867107870824,20.99047325634605,79.27935052117336,675663
protected,ESSF_mkp,0.3987791662661475,14.22349978104613,57.50426127078532,83.82856024435212,0.10318417805806297,5.276403326751015,23.862255479987567,62.98585292160628,93627
unprotected,ESSF_mkp,0.40250155872996984,14.379428031517174,56.687410586547415,85.95214538890986,0.10739067006197858,5.44052307869681,24.125760675716755,64.78614509286707,93666
protected,ESSF_mm,0.35888308050618223,19.76070542719415,64.72222963581352,140.07741694780466,0.11342279430408017,5.588979757049452,26.605851600266963,87.17474763403168,944975
unprotected,ESSF_mm,0.3728444421578301,19.482338268132597,64.15389426901605,138.55880314918247,0.10824711698370719,6.233087142756567,26.614134067862896,93.69844942224672,942164
protected,ESSF_mmp,0.3605970640429279,18.58549453456914,55.22530910769971,114.78217451059507,0.10037112502202677,5.57000625639121,29.31728342358637,86.12671869524654,344896
unprotected,ESSF_mmp,0.36825198441502655,17.988830470969045,54.465243290125834,109.75369625845197,0.09623965089028554,5.9155029171009845,28.982723203676553,87.0120616440559,344938
protected,ESSF_mmw,0.3512735927357931,20.346068520541262,67.06588890863044,147.46799446676113,0.10902123600881207,5.392567293138969,27.538237057114184,87.89876938880174,140965
unprotected,ESSF_mmw,0.35712799608329726,20.530107653214063,67.09332134194086,149.4869245179317,0.11087015249964684,5.453229174033771,28.083172766456414,89.35255078742055,140934
protected,ESSF_mv,0.37913345981470165,16.20365820356488,56.812807766827206,100.42100334967544,0.10011270870906157,6.68154253229273,24.761745973848907,88.91473919003552,2391409
unprotected,ESSF_mv,0.3806176448429212,16.689475515637874,57.48493833142983,104.32963823416317,0.10313393817726065,6.81110537830392,24.90067297224874,89.22622250403253,2388426
protected,ESSF_mvp,0.3776134253934843,16.20325871176016,59.579609573131876,108.57834716655493,0.1052802595846769,7.51298072255864,26.706585203713427,97.85013374094925,317473
unprotected,ESSF_mvp,0.3809953737304947,14.801154879041773,55.182374103023086,88.77182762886748,0.10140012284605614,6.922464562061302,27.479820008416176,87.1135467943162,316886
protected,ESSF_mw,0.3697528892995591,22.458337295367016,70.11574942470541,188.978156034864,0.12799444494032883,7.73112557491459,25.319808374199198,131.25385384531523,1249525
unprotected,ESSF_mw,0.3570471604737033,23.270246104355873,78.0503085875203,211.19237481090659,0.13717900611128547,6.493920585953521,21.025928774348788,112.67131117927461,1232388
protected,ESSF_mwp,0.36669402035625615,21.180765462907665,57.935086122527764,150.07161088275643,0.11845691784498438,6.482139383828513,30.40424967394846,112.583519139541,20436
unprotected,ESSF_mwp,0.3844684870848984,20.2386091020907,55.914413284132266,135.10103813038126,0.12772346133570964,6.615541224156326,30.480239730990842,108.19337134135799,20325
protected,ESSF_mww,0.36398854605617376,22.95525942475388,69.12921660680566,190.44078579708682,0.12537877071417108,6.747483694407579,26.774653652956644,117.91654243361646,70718
unprotected,ESSF_mww,0.3680771891054164,22.09569827511677,69.56829348792539,180.3744496742464,0.12878460368024822,6.750824998230442,26.058169885211612,112.75249846096163,69686
protected,ESSF_un,0.38123327972290294,14.22411547173993,68.0145835896607,96.24508641984535,0.11482993631363324,4.049294400882063,22.918386281395215,58.606678631590256,761052
unprotected,ESSF_un,0.3789125994111318,14.48654014506935,69.96768515089596,99.75559336684826,0.12231134069921279,4.25678334634239,22.019600857503644,61.146425340111634,760853
protected,ESSF_unp,0.40558732423979293,12.511485405896849,54.370806468565895,66.01109729896729,0.10265003081412999,3.9451511979573683,23.7829493554285,45.78682357668144,133136
unprotected,ESSF_unp,0.40708220906818915,12.79143373846788,55.93871398093813,69.50953599649264,0.11533419421394349,4.231595216180913,24.595134180173293,50.084073300578424,133124
protected,ESSF_vc,0.37505240774603016,22.253400466328042,77.9518339154267,189.83644130900416,0.11807137345749862,6.105235519543079,18.755273551263304,94.79494727236737,182702
unprotected,ESSF_vc,0.3791033531654457,22.134963331774358,77.38600663513229,185.26355835845976,0.12111998640429016,6.0295838957538255,19.396912057133623,89.97778858182183,182365
protected,ESSF_vcp,0.3596687898089121,19.92018647045871,52.43944322424991,124.07440368987268,0.0932039016266242,5.280071587172309,32.22117530306303,98.50553778249193,9106
unprotected,ESSF_vcp,0.35612563145178205,19.535782121677705,52.99651768065202,121.37170107621141,0.09605760231728422,5.337093463083449,32.07550075792373,93.94311081116992,9106
protected,ESSF_vcw,0.3630202736495915,19.412655294374908,63.15309909973846,137.54863282365943,0.10850565185161283,5.849598660491532,28.147650574269143,89.17439400317079,55984
unprotected,ESSF_vcw,0.35927849706233966,19.55854592210826,64.00511420254526,138.8078416700872,0.10694656209886287,5.719493561108663,28.316961441490346,87.58861956605222,55997
protected,ESSF_wc,0.3706118056892097,19.341404753519047,62.32624483121441,131.77423495669785,0.1064900004968632,5.856674376608664,27.618634363070438,89.36839733914945,2473841
unprotected,ESSF_wc,0.3667382030768417,19.514160186028402,65.69025624435406,142.3617013625747,0.11100914949394228,6.583157330923018,25.371631242849634,95.3772271290382,2465770
protected,ESSF_wcp,0.36693380690376615,18.32981007798942,56.50295820024517,116.93266507312899,0.09798786586611721,6.189396571928628,29.140071967675787,92.42988666360009,402897
unprotected,ESSF_wcp,0.37062234583296044,17.60620764328787,55.77358252619318,111.1349068322283,0.10044154974221557,6.636655237862081,28.736271543559937,93.30823206466482,402339
protected,ESSF_wcw,0.36475070986828473,18.70632058922457,56.50525777950128,116.1825764392352,0.09967898131948534,5.271265309844198,30.42720656139141,86.00715912281562,826210
unprotected,ESSF_wcw,0.3564617112922493,19.333273036326656,60.34884018953617,128.85442672847526,0.10153414160364593,5.398485745211192,29.585210273835095,88.4366450843489,826066
protected,ESSF_wh,0.3742600653775407,23.07601733501551,78.15005440795166,203.9418708473805,0.12402879103361132,6.473254857292742,21.02097880663534,114.82738003777335,497721
unprotected,ESSF_wh,0.3769512205974678,22.81744383833103,79.23570796700481,201.26485718047516,0.12661352643239335,6.493108728970418,19.02522929170697,108.53979182505975,494225
protected,ESSF_wk,0.3791283495615872,20.56736514508277,66.97911609840108,156.4686239901295,0.1128237059961664,7.098876501204062,25.52419888444357,105.23971942889838,973038
unprotected,ESSF_wk,0.37677523841064986,20.932327823899307,67.96630535072369,162.3933145358242,0.1193038499178403,7.41377009724106,24.40660530057228,110.66804659192964,968395
protected,ESSF_wm,0.3683233728652983,22.316668003775806,71.95597895458239,187.35468989324897,0.12064158182284739,6.902310261486021,26.227630981770425,121.14375817698651,620754
unprotected,ESSF_wm,0.3714278407400686,22.219404862981555,74.36668266264688,192.38195952874273,0.1255396608197529,7.217563343169536,23.794573043145466,128.32139658381863,617031
protected,ESSF_wmp,0.34004251343146374,21.262417379115348,53.314640037373906,144.05053679046497,0.0971590496285512,5.509979551416975,33.880459554387635,117.32686746779008,21405
unprotected,ESSF_wmp,0.33705975239433206,21.111459845829142,51.012107918709916,139.59712730669722,0.09666970271467563,5.694717674248744,33.57335470468294,118.56191192045996,21405
protected,ESSF_wmw,0.3471358058741591,21.488616702058966,59.87132853105078,157.12261006662024,0.10487584331314062,5.965375061681185,32.71570094717258,118.57206386175625,184911
unprotected,ESSF_wmw,0.34647273513976123,20.819760457539154,61.01213224082682,151.22764681715103,0.10299756686767952,6.008697019039271,31.30142260955624,114.3229276081022,184890
protected,ESSF_wv,0.4239301066955344,15.602324570898812,68.61524740993157,108.53539044379754,0.1372539736249596,4.5859478331247185,20.347255186522748,62.36919096833183,12934
unprotected,ESSF_wv,0.39068652328640385,14.932450487389794,70.79520114497912,101.14631982052178,0.12062512281746227,4.61170940970062,19.766188824461246,61.8656147924726,12926
protected,ESSF_wvp,0.4328717948717949,11.36479487179487,30.02641025641025,42.959487179487176,0.12165096306694295,3.3476088023628474,18.503876476818736,25.206492474915848,39
unprotected,ESSF_wvp,0.4134102564102564,13.599692307692312,56.20794871794871,77.14102564102564,0.14311583787244697,4.612345590933362,26.86097503613817,49.580447801361544,39
protected,ESSF_xc,0.34116008306043477,21.422773018300546,61.955853038726566,159.07108747129462,0.11344763442290462,5.954020499825779,30.531177856761843,117.51089095728217,499397
unprotected,ESSF_xc,0.34479123672603346,20.520493273772228,63.51762333441261,144.44200894398202,0.11283609880147402,5.3264482756149185,28.299128125000994,97.06935187033733,498421
protected,ESSF_xcp,0.3527576944599927,19.86209217363533,53.44271724358421,124.33371092812854,0.09843265664148662,5.471270636374793,30.824150044448157,96.20189360418003,12509
unprotected,ESSF_xcp,0.3513228484751659,19.552001916014873,56.81094683059224,127.65595241896719,0.09052921293853604,5.5311762277071415,30.051562312578607,95.61763825017832,12526
protected,ESSF_xcw,0.3395468970834031,20.61008126686697,60.61910124630555,146.5645323140248,0.10455273103939679,5.584767522791634,29.92762798713597,103.61923871908309,46698
unprotected,ESSF_xcw,0.35340741613976673,20.93666745258302,64.30226085092646,152.8948937948916,0.11315430209462933,5.934892239887493,28.89097185749274,106.00131981330084,46655
protected,ESSF_xv,0.35102067081686195,19.66191602706091,44.53117436187654,103.24183058275197,0.10959526674820161,4.795694034084207,28.85445974820162,80.87296303813503,1083218
unprotected,ESSF_xv,0.34649374266731264,19.918548930033914,53.58483183438778,121.77395421978396,0.10781148416386473,5.043598123174177,29.326376050284395,87.1029013648004,1083129
protected,ESSF_xvp,0.3688379466298585,18.860318196013626,47.40605704833059,107.09285264826094,0.0975773199054244,6.017648368356378,30.832865121220483,96.27484126331852,86453
unprotected,ESSF_xvp,0.3616801912899658,19.373182628733154,50.91592478085825,116.63314076955477,0.1033707148105551,5.90430939352317,30.560754820198003,96.46958959610008,86361
protected,ESSF_xvw,0.34588584850835313,20.731616282447444,55.36775668345264,135.346047074774,0.09663766540945536,5.464909698745339,30.72173630469976,100.80887096677615,20648
unprotected,ESSF_xvw,0.3404438419829682,19.76093948489444,54.058855054217126,120.24896591789302,0.09147113756715071,4.82320312257076,29.872124922075166,86.73215309784626,20656
protected,ICH_dk,0.3486717594874286,22.896850172498688,80.76146048956946,204.64032364054427,0.1116323585087528,5.46212759013702,15.898693147290217,85.51880327170001,6087
unprotected,ICH_dk,0.359986811737548,22.941988789976637,81.48633366304067,202.84233597098427,0.11478622658881778,5.264964108552189,16.82028514599334,85.7602311657096,6066
protected,ICH_dm,0.38477558260717815,25.04065535821164,80.59202133084197,243.04472471672997,0.1414017856325652,7.972541566976559,18.079040778892036,145.54082782163297,45099
unprotected,ICH_dm,0.36942926615553817,24.80920300109661,82.01458159912487,244.64840657173346,0.13258705788039232,7.8102714891008445,18.23835418598421,142.76409076574058,45650
protected,ICH_dw,0.3573317687691844,22.995730132168728,81.15504172750026,215.254839729387,0.12413882781547982,7.154548753082041,17.627507272602447,117.99639553952807,566292
unprotected,ICH_dw,0.3623946796377746,23.4483936815542,82.02220230798581,225.71150168173037,0.12936326260281375,7.732694498933798,17.960922984737923,130.8632533802859,563082
protected,ICH_mc,0.32288050417958075,18.019251552249003,87.33667752693994,170.50767941381355,0.12596217919423422,6.187824853459398,13.8267315740824,117.6694291706145,91158
unprotected,ICH_mc,0.3156285325610484,17.418906365189514,88.05440802177628,158.95795747767073,0.11909782340349953,6.364209526706642,13.792747498308517,117.44547163629521,91152
protected,ICH_mk,0.36872346814298024,22.25658501454114,76.19115639956152,197.53075924274688,0.1222336633150697,7.096514439805524,21.835085351858055,119.97670110559777,85256
unprotected,ICH_mk,0.3631846247045263,22.882790264527028,80.21502999276035,203.7775610248555,0.12176012791700254,6.310522143400605,17.5326669481641,105.07603389163147,84187
protected,ICH_mm,0.3800284679966312,22.566853269660427,76.83029423092545,193.93657167063168,0.11223193608527472,7.161294343895218,20.67890603664271,107.34303950952997,64915
unprotected,ICH_mm,0.37275689609522084,21.734854851020273,77.65285858917804,184.8980152017672,0.11757525592621967,7.036534517189125,20.60716846075848,106.87209605727485,64203
protected,ICH_mw,0.35378317853491315,22.921360549483957,81.8581728222504,214.38140675942032,0.1278651154335856,6.648481743317396,17.93296894784537,112.79828080977379,1257869
unprotected,ICH_mw,0.3519166612341982,22.81234239998033,83.17572113130213,215.76450751674528,0.13118347243308967,6.9336656938872725,16.491580590435635,115.86712315015336,1242471
protected,ICH_vc,0.31639965422977834,16.70550464822736,86.22184578035161,147.78023468876628,0.12650781129439315,5.530296126921669,15.648617076407735,99.14534350377458,193192
unprotected,ICH_vc,0.32374957683906297,16.053626516004744,85.6552838412197,136.29853102401097,0.11947595277285053,4.928499685008396,15.746745230325404,87.74202121801581,193189
protected,ICH_vk,0.3779143560007728,22.280168806060857,82.79447048925974,199.26287443948053,0.12268100030692375,6.741633034523514,16.533303303545043,103.20733630571718,456903
unprotected,ICH_vk,0.3729567217252159,22.68253507038775,84.12471862354937,208.6384784030144,0.14034957287011424,7.011572916292789,14.387877812871041,105.59537073081574,451335
protected,ICH_wc,0.3213694571485342,14.766247564128141,85.80640087492468,113.84592563133664,0.08285889553293332,3.4827044405352328,17.732755039304415,54.102428268918906,5029
unprotected,ICH_wc,0.33000517001391877,16.328472260886965,85.50779677868275,138.00824219526757,0.11039111406249061,5.339048409103764,16.435363938351315,90.28930995756689,5029
protected,ICH_wk,0.3716036053726786,22.682387161964176,80.2703911286171,203.88268501162068,0.12143102355294977,6.833587668564612,19.637005142526416,108.01630192126264,1865217
unprotected,ICH_wk,0.3571473542435881,22.0042197102677,84.11940532675328,204.0285155251926,0.13610845540630084,7.1644922576427374,15.356325637729725,112.39094217916337,1840456
protected,ICH_xw,0.3841180396671632,21.301848340888192,75.0478634820243,198.6119405138173,0.14215336605030834,9.067039699410069,23.73235455178486,154.2228666787375,68621
unprotected,ICH_xw,0.38713518437545297,23.20891454598542,80.35916819705962,223.893848272819,0.1426555528520873,8.574617556151063,20.875154645573595,150.50631533456126,68610
protected,IDF_dc,0.3569311546690633,23.85688387742562,71.77479432672864,202.61804058251678,0.10648704307315303,6.405089199438803,27.335874187612777,116.20371859797338,28978
unprotected,IDF_dc,0.3628032131307212,24.096019821262175,72.79885314879637,207.8802907118284,0.11805621826012125,6.885241424612139,24.535398987235162,115.82366376727369,28757
protected,IDF_dk,0.36127192811327163,20.791012406788326,58.886709113777854,142.0949319717718,0.10790439596919064,5.78063872130931,29.672158558145867,104.57799521988701,461280
unprotected,IDF_dk,0.3574656126774705,21.418993848722298,60.482185115464134,149.35924269361516,0.10373748677863287,5.073867770014177,28.810374493471823,96.130184361864,461042
protected,IDF_dm,0.36077293752442124,21.63081767161019,66.64705692494495,167.36535904446674,0.10815993141568288,6.0480772971133,26.657487872222486,108.96492879269341,48643
unprotected,IDF_dm,0.3765344225236495,22.127346609126995,70.71367529798749,185.33230949443842,0.116473179700201,6.783250349113942,23.7623065138339,119.8035463310714,48660
protected,IDF_dw,0.3673528400854209,22.765770838421872,67.37013365587443,180.91928643569034,0.12329810093690981,6.41878955298404,26.479325607652573,111.80170287203751,245556
unprotected,IDF_dw,0.35788373576472904,22.1827995685163,62.21667170467142,168.1586729723337,0.11079123629223162,6.429990516664912,29.046292828380906,113.71148888084694,246129
protected,IDF_mw,0.35784102382281724,20.883837191241447,73.86117222981797,178.69042563609236,0.11583133298796142,7.473953809548097,23.727916387501246,110.1969743014806,59229
unprotected,IDF_mw,0.3631938853115444,22.01132904054655,78.12366239078567,197.82042454662704,0.11978451403411058,7.090094963113985,19.243224438473895,108.46515975634038,59169
protected,IDF_ww,0.3357451308438873,23.060240315220074,78.66073449579373,225.9946944664497,0.1187291816035926,8.097305218315896,25.356919896956825,148.25956321108657,373576
unprotected,IDF_ww,0.33736035449733526,24.46765781763467,83.07817914476267,246.50956169948236,0.13828676249444216,7.679299286921928,18.881417997240288,140.2167178692101,373374
protected,IDF_xc,0.3558614532019767,24.299887995852096,75.33996046149589,224.88733439203727,0.10651292944575562,7.69919301165108,25.141146793044587,127.51446199913558,30856
unprotected,IDF_xc,0.3693967271549022,24.33104050550948,69.92000129617388,215.30535482827472,0.09985947932950069,7.582545686771611,26.73275711649193,127.41319992544203,30860
protected,IDF_xh,0.3694266670683145,22.603382013576855,64.62973286236998,180.15341329139991,0.10521623384976352,6.730627645189558,29.239936776224493,124.8312591531058,132778
unprotected,IDF_xh,0.364758749529137,22.023221483983594,64.61668030132282,171.13676444448356,0.10383043726306024,6.227095952239892,27.947970535525535,111.5707382950762,132750
protected,IDF_xk,0.3827427140111525,17.304840448658023,59.37484766375525,115.01802860834427,0.10293621438654683,6.669131110462841,25.75323165705585,88.13360280736926,31739
unprotected,IDF_xk,0.3774210277576501,18.5993544535107,55.78338164403478,119.04948706638943,0.09977020114708461,6.161202708793282,26.764087507997267,86.8363685226376,31739
protected,IDF_xm,0.3600549504810726,21.45278673006031,65.10377881549586,157.94173668913584,0.09672435391387676,5.102967522411196,25.369313737187344,95.94891805786513,70882
unprotected,IDF_xm,0.3753540773137415,22.091509748869502,56.01835327313716,157.6039600733494,0.09714251586553557,6.14715471081684,30.223244794953203,117.1516914624519,70880
protected,IDF_xw,0.3723569371099417,22.785804548726023,58.08058389342346,170.25329512721842,0.09703529122328429,6.811193766286478,32.27125832467914,124.41586407829759,16664
unprotected,IDF_xw,0.3663111684570668,22.386957330611516,61.55426213766768,169.58286623056816,0.09412187182044535,6.062033228510173,29.476350405154953,110.31115442644955,16663
protected,IDF_xx,0.3926550522648086,17.141910104529646,56.66977700348414,111.29007665505185,0.1092384895297884,6.46984396811005,25.382257746670977,91.15760533179213,1435
unprotected,IDF_xx,0.397809756097561,17.11920139372824,53.580264808362344,106.77775609756083,0.10375485760473689,5.797754037849579,24.971757566118303,87.11628159986543,1435
protected,IMA_un,0.36423877798609505,17.332895775890265,41.145624793206785,81.56747104885731,0.08891353685294723,5.013293825286665,27.764411843708963,71.58235557296717,9067
unprotected,IMA_un,0.35740028678578506,17.607384954775803,38.341334656960065,81.07828590337421,0.09306886368529961,5.127973473110745,27.44435368312507,75.03762044911565,9066
protected,IMA_unp,0.3781310175282923,23.185482068944065,71.57005277923943,203.86031861995443,0.12860625318609473,7.688723898445504,25.509026934642094,142.44527408484217,71998
unprotected,IMA_unp,0.3637790940475241,21.495611323010934,65.05971184363597,167.0156438275968,0.1162855801529416,6.6002848616522565,27.959270347030593,117.15944199123228,71836
protected,MH_mm,0.35605051637271645,20.06029647500864,77.70773184966923,171.9678116318882,0.12617648763970574,8.126281006135859,22.596180564269687,124.50193692598218,3134073
unprotected,MH_mm,0.35647357777036437,18.8605615173048,78.7825318365173,158.29770861291564,0.13191580378118561,7.893726208655295,20.970178045627268,118.42776218281377,3125550
protected,MH_mmp,0.38495067058768623,14.794043084311792,63.44869168382736,97.18681223908983,0.12368613887187682,5.786153555346113,25.436465830295393,74.58195524435017,272373
unprotected,MH_mmp,0.3892977868679622,14.150180461875502,64.51628647700849,89.84684212843409,0.1276068974605271,5.323838976215423,24.2684881221236,66.55050684655575,272329
protected,MH_un,0.27466204794235105,15.677343217403543,86.55632534294243,138.46684079257312,0.13559555990818536,4.025153150720936,14.867338730014362,73.0499223581851,7217
unprotected,MH_un,0.3548101704309276,14.287278924761218,73.79994041845703,104.57733130109175,0.13054803782230176,4.246315075189703,23.082840845559634,65.17334131813388,7217
protected,MH_unp,0.37013055289229735,13.444104985618393,61.83348833493134,86.22777564717092,0.12760141659882043,4.005162520713546,27.756553890315878,59.75266965499794,6258
unprotected,MH_unp,0.3948580562659825,13.341927749360584,61.31193414322262,79.67962436061246,0.13756825147388987,3.936895758442752,26.388700124486785,53.093045215306404,6256
protected,MH_wh,0.33203886198435534,16.86146439106125,81.64926296399389,142.4204698541703,0.11544371464059264,6.477432530153299,20.64241168342582,97.82515882006388,217642
unprotected,MH_wh,0.3315382922413605,16.359200370328928,82.29320269070114,136.0859049723917,0.11373819048177944,6.0111726427900845,20.154353227338326,91.39941480437975,217642
protected,MH_whp,0.3347337286879287,16.02718235730078,77.61603024462511,128.24849043735654,0.11038723567788739,6.2548048101422555,24.47996626128212,92.20683173444668,33725
unprotected,MH_whp,0.3402190233344431,15.497646544310797,74.88020132238185,120.1102707029981,0.11038758667969714,5.964118895608674,25.418549885970137,86.61061647440685,33727
protected,MS_dc,0.35172742727216644,20.981174550774288,63.93511091537381,153.10017211938876,0.11455829782815269,5.857748597301452,26.055711174527893,95.61973952681244,240589
unprotected,MS_dc,0.3554554117794397,21.743532065764306,68.70040977593338,171.46070947952643,0.1167413650924227,6.319900911419138,25.625649050800323,102.11222505710472,239570
protected,MS_dk,0.3575151390075098,21.01752623164026,72.8592327706663,162.58143704620136,0.11664059206700086,4.975443286943147,22.28053340838176,81.45169477167003,743741
unprotected,MS_dk,0.3583779778554314,21.936589336380838,76.41654787682847,183.13669994856704,0.10937358263810626,5.725295514835984,19.632193128886847,92.89550941225177,740046
protected,MS_dm,0.3504823731840048,21.023049663995153,65.57164047686024,156.30577184542403,0.11290659744373889,5.768494422834594,27.884199352031363,108.19442239702195,153431
unprotected,MS_dm,0.3503602907381619,21.40975442211693,71.79794966583466,171.61930276698936,0.11461095049936848,5.816930622608497,23.744468825350385,104.38895478388311,152302
protected,MS_dv,0.36635906386492284,20.683355796680754,68.23938714449416,152.66254685832757,0.1231115659825086,5.7897175383242985,23.808273692518576,89.86849110882694,58154
unprotected,MS_dv,0.3499520523252721,20.563825908569555,61.73767248631545,139.47873856239977,0.11610796271445822,4.669672203701,26.0925568524362,80.64078253119257,58251
protected,MS_dw,0.3679813654787853,24.633391272307794,78.22044822866633,235.60789545718148,0.13264016545578092,7.73301451262451,20.919385933941776,147.3178732564543,37994
unprotected,MS_dw,0.36216699039321615,22.50285933645079,75.2291041524468,198.9284201270309,0.11732786476429508,7.112279209364931,21.224592039673357,125.02423734508938,38098
protected,MS_mw,0.37686242575920287,24.325872156436915,73.25615946359834,209.32251428782192,0.13232641241933255,6.443355106182805,23.313644496868942,110.25683367084247,53542
unprotected,MS_mw,0.3632022860381592,23.64971144908467,78.34778122048593,210.37439316075395,0.13770191625137132,6.162075325702802,20.84852371573109,103.46485951952955,52930
protected,MS_xk,0.35388490071763,21.194341167002072,55.94269804681148,141.46238872030332,0.11065506345485099,5.710562459787679,31.159788875614527,111.81676944329911,308412
unprotected,MS_xk,0.34112889255415435,20.260637843140444,56.39650153891192,128.871592375989,0.10576602875504122,4.835729202760334,29.81486266641524,91.60585311549391,308024
protected,MS_xv,0.3242686252147201,19.14828148614695,33.870321966856935,78.54391884480138,0.10426720640164458,3.0183520390296983,19.49230558758881,41.33932690822167,630127
unprotected,MS_xv,0.335039549466978,19.108531229368516,35.159317882795996,79.79726797615396,0.10473268278027029,3.2292112671762534,21.081871191585044,46.012220713161035,630097
protected,PP_xh,0.36470064065229924,19.880101986668734,57.91988675338493,150.65314631463383,0.11058169069229698,7.840754279947533,28.789210327760397,128.71893677248585,30906
unprotected,PP_xh,0.36561932958000926,18.0327029055843,48.93344560927024,116.10176211738487,0.10820241573173435,7.313808832346717,27.868154742092926,105.77023261972214,30906
protected,SBPS_dc,0.3602621344687519,18.544050023053256,33.638804908285934,75.60020091867653,0.11261902719087902,3.605973909029216,20.51962632906018,56.57257082149732,166983
unprotected,SBPS_dc,0.36770360898830046,18.762924502308252,35.079647126463264,79.22376721844189,0.10499281943445862,3.902162347025444,21.64999286840808,62.2120463943053,166972
protected,SBPS_mc,0.36911218142345975,17.493735292976805,34.10422754048834,72.04883895301657,0.09975533629353024,3.8956551919874114,19.503590898137364,58.10295383133585,861016
unprotected,SBPS_mc,0.35414586084495714,18.51343216579501,35.55075905336472,78.76138010964428,0.1037968445555545,3.549910827652648,19.912552704117044,55.378210490663186,861033
protected,SBPS_xc,0.29886156378346485,19.535763420378633,28.119145083092885,72.24395770411145,0.10599985546788877,2.571947476197803,16.01717046487008,31.515098134286255,221156
unprotected,SBPS_xc,0.3127757031748243,19.36059968344306,30.701411413563562,74.90065121644493,0.10756384055036733,2.801663380697191,19.898780790952745,41.533593892985685,221140
protected,SBS_dh,0.37311803179817266,19.397637781073644,62.19536390625979,131.96558575229395,0.10809535310109807,5.7931050430378175,26.001553969643005,87.59980530440401,172462
unprotected,SBS_dh,0.3778268937129077,18.844432568323477,73.8025448064099,146.3723492083745,0.11610907998450226,6.480858639876529,23.806983402699434,91.52521998195142,172241
protected,SBS_dk,0.37729858498786756,17.510452041003894,56.957476794953465,109.49469874222531,0.10303683042476462,5.515673986711349,27.752546574349047,85.00892876066042,343460
unprotected,SBS_dk,0.3809017202020978,17.778926457574105,61.28582280286742,117.4013085241456,0.11343546734187081,5.656661941744747,28.042270491241293,86.52764364962272,343448
protected,SBS_dw,0.38727974388940123,19.956076882661513,61.99250454839717,143.88839178816255,0.10382070691679225,6.846524855928439,26.506510619732165,108.38619166814316,586465
unprotected,SBS_dw,0.38444629194398255,20.94768022471289,67.24381507981985,162.5704899049726,0.11059854210585175,6.847339106253537,25.06247281064079,108.05737665848132,586318
protected,SBS_mc,0.3700585096984692,18.203322010713368,57.617409588065904,115.24910208609082,0.10525272257892593,5.910511970736531,27.35466184174029,86.16181955544154,2555713
unprotected,SBS_mc,0.37030065567275994,18.308165373855395,64.1509896894534,124.34717924275097,0.11170976126752472,5.957063148587026,26.651459150608865,86.0992016419586,2553559
protected,SBS_mh,0.38477235906760315,22.380993717969663,81.39724169284122,211.4438502231817,0.1096297778594322,6.7708028657927,16.859325324987438,108.9511106046211,12098
unprotected,SBS_mh,0.3698223526494162,21.34869628833587,78.35536165991552,197.72667686203604,0.11596467275440984,7.519533822974745,20.458556578007077,119.60568800662914,12097
protected,SBS_mk,0.38951499090487585,19.15766262409683,54.80470658528668,123.67312506622275,0.10377448541747104,6.325453861675708,25.56455194373566,99.08499550111823,490364
unprotected,SBS_mk,0.3861737028682738,19.210602567138572,60.92447759820313,134.51783106996797,0.11014290378672276,6.771017208748023,26.788270963360457,105.25621504878525,490274
protected,SBS_mm,0.39317745419477235,20.791884860182822,71.24226518806078,149.60801870783544,0.13356483347335735,4.96634712078154,23.866109341205533,72.11076396210552,51850
unprotected,SBS_mm,0.3784677002583696,20.200024751808414,67.22121175031275,143.12434244526827,0.12476560826239089,5.260810463373684,26.776777523860584,87.00256875594229,51471
protected,SBS_mw,0.3815337145580233,21.70177960447979,54.38063497736339,149.03932332618552,0.1019231405362099,6.590536972679878,25.122664026091158,112.23709895331197,8394
unprotected,SBS_mw,0.3843599904511863,23.165641680592174,76.26736213893507,202.4035676772492,0.12294510230905273,7.430776309129749,19.091136701972143,118.2024182785115,8378
protected,SBS_un,0.34892284693684505,15.903136006294371,77.71410857944731,130.33321149565012,0.11666148187486006,4.741543111750942,20.361649523440384,78.16701560704246,723121
unprotected,SBS_un,0.3446382665069095,15.87812399636531,77.99933897383636,129.37449904436372,0.1282894043071621,4.723714839814119,20.570354141645353,79.25387909093816,723118
protected,SBS_vk,0.3833088419964912,20.606869826164242,77.98986888434415,172.85480067960023,0.11248634872478869,7.163959623704135,20.501022611775273,101.44928515390964,162452
unprotected,SBS_vk,0.38514700564563015,22.123960911653626,77.41597819268559,190.24285407677635,0.12307895914181502,7.830434479320047,19.57987918402709,110.32980816836483,162606
protected,SBS_wk,0.38324191184618805,21.430461242124686,69.76807891717715,173.157222157905,0.11342148924366174,7.957916558394875,24.622744756577113,119.00186789751633,405995
unprotected,SBS_wk,0.3738863428838858,20.867784373527908,72.97402453044357,172.57459337135066,0.11812255143356193,7.689193130930934,23.05007287993532,117.77016920949012,405210
protected,SWB_mk,0.39221654243306897,14.053095551093241,57.550559235717614,81.86814784026384,0.10001365540687084,5.074427811243867,23.759072804739173,65.6448794324894,8187296
unprotected,SWB_mk,0.3869565270363148,13.8644599116966,58.76692657567502,80.69016735515066,0.10313242700387117,4.806365229307609,24.590691979666488,61.77412521406369,8187503
protected,SWB_mks,0.3990196448373022,12.472749431700118,50.11845044207627,62.71122169148465,0.10610594659453101,4.631497564347543,25.85514604374615,53.297163035713496,1296473
unprotected,SWB_mks,0.3920631260203769,12.51202551484602,51.89381251129603,64.49988838016894,0.10490106712201412,4.755285501186964,26.414033933461756,56.136201516534285,1296185
protected,SWB_un,0.4063457131530969,13.28805170953305,59.87718741503087,78.63244471907737,0.12236278526321687,3.6911909576944315,24.376795093407576,51.868006825688795,643305
unprotected,SWB_un,0.4108331563867529,13.821161264759821,57.78218865861593,84.67759347200607,0.12089897649001409,3.6612859509816116,23.818518043247387,54.701131154767495,643321
protected,SWB_uns,0.41099469316463894,12.076420527004395,50.235691601825344,60.563841981637566,0.1050648672283863,3.5093393984375383,23.833714327482426,43.646613538414584,119657
unprotected,SWB_uns,0.4149572771719009,11.944824562280601,47.74841552797202,58.81082587437089,0.10429503418743172,3.53058544282925,23.57119399365006,45.46583549485581,119655
